{
    "epoch": 22.242424242424242,
    "total_flos": 2.100550395053998e+17,
    "train_loss": 0.13837901704013347,
    "train_runtime": 6949.8975,
    "train_samples_per_second": 0.115,
    "train_steps_per_second": 0.029
}